{"stat.useItem.351":70,"stat.useItem.175":3,"stat.useItem.153":1,"stat.useItem.21":1,"stat.walkOneCm":40111,"achievement.openInventory":189,"stat.mineBlock.4":44,"stat.mineBlock.1":45,"stat.useItem.8":47,"stat.flyOneCm":100544,"stat.useItem.6":22,"stat.useItem.12":10,"stat.useItem.56":2,"stat.drop":1,"stat.jump":65,"stat.swimOneCm":2050,"stat.useItem.73":2,"stat.playOneMinute":1808347,"stat.useItem.1":51,"stat.useItem.129":1,"stat.useItem.4":44,"stat.useItem.3":217,"stat.useItem.17":41,"stat.useItem.18":148,"achievement.exploreAllBiomes":{"value":0,"progress":["Plains"]},"stat.useItem.14":1,"stat.useItem.15":1,"stat.useItem.16":1}