[
  {
    "signatures": [
      {
        "signature": "sha256:525c4154e4c355d64ff8bc7faa535030c343d4531beaf9e4b1ded9cd318e955e",
        "filename": "MmmMmmMmmMmm-1.7.10-1.9.jar"
      },
      {
        "signature": "sha256:147592c5eb8e11fc8394125954f877acf25918bae13aa210c2825aefc3030ed8",
        "filename": "icu4j-core-mojang-51.2.jar"
      },
      {
        "signature": "sha256:b0324a5dc7ffb1b9c19a0b6ff341986697cb56c06983e35b7f84fdecc6cb24d0",
        "filename": "Waystones-mc1.7.10-1.0.4.jar"
      },
      {
        "signature": "sha256:fc35dc5886da434e11be07d923baa16741bc0d7ea0d81fb9989aa8ea96fd0143",
        "filename": "backpack-2.0.1-1.7.x.jar"
      },
      {
        "signature": "sha256:f43d55162770e644609f4054801321ff6b83773963293a8f6e11912e6f05b514",
        "filename": "Highlands-1.7.2-v-2.2.3.jar"
      },
      {
        "signature": "sha256:57e68a303740e7b09ee05ed1fd6da342a1c2dc7d3f14ae283d71cbd35673f7b6",
        "filename": "AnimationAPI-1.7.10-1.2.4.jar"
      },
      {
        "signature": "sha256:d39e6c8fc27709b04d58ec4c1b625648776dbf01cdf7af2d51388ee215d5d4e8",
        "filename": "thaumcraftneiplugin-1.7.10-1.7a.jar"
      },
      {
        "signature": "sha256:830e69776e015e8042711d1e3e3f7740bfa923850ae63b8a547aadd2efea22ea",
        "filename": "Sanguimancy-1.7.10-1.1.9-35.jar"
      },
      {
        "signature": "sha256:6ff759efc10f9ea0deabb4aed7c1f61408d9bb9bce278949544c0a613f7ae4c8",
        "filename": "ForgeMultipart-1.7.10-1.2.0.345-universal.jar"
      },
      {
        "signature": "sha256:a1cfba20d02ea5ba5f5a646a85caca9e23aca777f4ed47707657bc0f83a45831",
        "filename": "GardenStuff-1.7.10-1.7.0.jar"
      },
      {
        "signature": "sha256:cdd5ac5cc5112b71a022ba3cc3b278323dd0f3bdafa2921b37720e9723b0e7dd",
        "filename": "journeymap-1.7.10-5.1.4p1-unlimited.jar"
      },
      {
        "signature": "sha256:c0328cd07ca9e363a5acd00c1cf4afe8cf554bd6d373834981ba05cebec687fb",
        "filename": "gson-2.2.4.jar"
      },
      {
        "signature": "sha256:9e98c36568af92dbb388dfec2b36b3f0d76cb1dc284a6bbe06e98b89204b96f4",
        "filename": "Ztones-1.7.10-2.2.1.jar"
      },
      {
        "signature": "sha256:4bf193e3b9a91bceef65e82f6a27ee5c050d29552ef7e1606f222a79571fc44e",
        "filename": "ChickenChunks-1.7.10-1.3.4.19-universal.jar"
      },
      {
        "signature": "sha256:c118f8d84313980f79e1e7f7ae4b14b10c2f20c77ea4a1c29f6f0b02bc139077",
        "filename": "lwjgl-2.9.1.jar"
      },
      {
        "signature": "sha256:4c1d78e0adee1754675d93ffbadc8c9fe205710cb77538b953e57810f9528efc",
        "filename": "Automagy-1.7.10-0.28.2.jar"
      },
      {
        "signature": "sha256:dee791c989e12cda1a32cb65081e24d40d727b9b6d99a38750fe6b9478983669",
        "filename": "ModTweaker2-0.9.6.jar"
      },
      {
        "signature": "sha256:634966e3908a1ef712905701ca4301e0f7c4062d132f899eb847ea5b25e61b58",
        "filename": "Guide-API-1.7.10-1.0.1-29.jar"
      },
      {
        "signature": "sha256:41afdf8c7dc099275b5f50e883be74fb397ede3e3ee766dcbadd350f799b1a0e",
        "filename": "gadomancy-1.7.10-1.0.7.2.jar"
      },
      {
        "signature": "sha256:35e007551dc19dbcded8a0476e0cff20d34b42f4b71273772ac1b8382dd245c2",
        "filename": "iChunUtil-4.2.2.jar"
      },
      {
        "signature": "sha256:20f4d593a23b395d216cdcbec7c35eb0f6709458f793d0a2ed14ea0d54cb82b9",
        "filename": "Armor Overlay 2.0.jar"
      },
      {
        "signature": "sha256:b59c027b19ff64d6c24a32ca48b6839a06f97eea5fcb1819bd94fded2e48f3c3",
        "filename": "MetallurgyCore-1.7.10-4.0.5.30.jar"
      },
      {
        "signature": "sha256:d3904cb5710ef99c26659d66d00bd26111fc7a8cdd9a201ba8b3ad3c4bba2a16",
        "filename": "MineChess-1.3.10.jar"
      },
      {
        "signature": "sha256:1f854df092ed9749b300449cd62f5e809da28a4a02d5992212341ec4c112ff76",
        "filename": "magicalcropsarmoury-4.0.0_PUBLIC_BETA_4.jar"
      },
      {
        "signature": "sha256:c5f93519168f95e78bceaafbc8cd5a9a083e0d70d5ece07289f32941a6295017",
        "filename": "natura-1.7.10-2.2.0.1.jar"
      },
      {
        "signature": "sha256:42dded9ab1a4ac7247176552c6d9079b7f8cd565849ca74ce75ccb93889c121c",
        "filename": "WAILA-features-1.7.10-0.1.0.jar"
      },
      {
        "signature": "sha256:b89d0beb76df20c7b2c2bee59ba53b802cc48566bc3e89ac96ce6361c5c2ee38",
        "filename": "scala-actors-migration_2.11-1.1.0.jar"
      },
      {
        "signature": "sha256:c160fbd78f51a0c2375a794e435ce2112524a6871f64d0331895e9e26ee8b9ee",
        "filename": "config-1.2.1.jar"
      },
      {
        "signature": "sha256:425a3aae7239c0e3dfbe4b8af3fe1202640b34c39e3f40cadc022d3da69fd271",
        "filename": "AuraCascade-557.jar"
      },
      {
        "signature": "sha256:6c3338a4062c13dc2ce61630d9854d361a81656a4050e5080302f500dd4a8832",
        "filename": "scala-xml_2.11-1.0.2.jar"
      },
      {
        "signature": "sha256:c6aad8099d00b5fbd0e646b2f1e5ae29a93d4033889f37a0bd11fcd6021b45a1",
        "filename": "ChiselTones-1.7.10-1.0-3.jar"
      },
      {
        "signature": "sha256:d51fc5cdb5f2ac4c8cb0fd86204a285212ad21d7cad524d5904b8585dae6a53f",
        "filename": "StorageDrawers-1.7.10-1.10.2.jar"
      },
      {
        "signature": "sha256:0c3085cb93c3ef95d731c274b6f2dd195aa0405fe9328d69cab7f5e899d5e124",
        "filename": "lzma-0.0.1.jar"
      },
      {
        "signature": "sha256:e8daa7883b954a9d0fb03157876bcf7a0a493fa5deeb80f59417886cb284e852",
        "filename": "InfiniBows-1.7.10-universal-coremod-1.3.0.20.jar"
      },
      {
        "signature": "sha256:5d8311fe6be6c5e2e0b8c680c86ffa70004226c7277adc171e5a08057eed096f",
        "filename": "minestones-1.7.10-MS1.0.2.jar"
      },
      {
        "signature": "sha256:3dba9786966974701578a658d1bb369bf35bdf5f363079f5ac9c4910a39113be",
        "filename": "Thaumcraft-1.7.10-4.2.3.5.jar"
      },
      {
        "signature": "sha256:4a7c757d4d87dd37382bd777ad611b5875748aef148277cf25bb39eebb496d07",
        "filename": "scala-swing_2.11-1.0.1.jar"
      },
      {
        "signature": "sha256:00d1ca02192c7efb87da95552ebf247021f1e1d642f86d0a03076314def11529",
        "filename": "forge-1.7.10-10.13.4.1614-1.7.10.jar"
      },
      {
        "signature": "sha256:d6b239a05a630cfb3b6de01fe14a8674ec14ef8fb34ea75d1ad45b79565d8636",
        "filename": "Forbidden Magic-1.7.10-0.575.jar"
      },
      {
        "signature": "sha256:5253d2a934791587dd998727516a4cf1986a2f76947851929f57895a2531f45d",
        "filename": "AntiIdConflict-1.3.5-1.7.10.jar"
      },
      {
        "signature": "sha256:3fed2f0400a983083fcd39303580362fff0802d59649f3285b1df66c414c5408",
        "filename": "funky-locomotion-1.7.10-beta-7.jar"
      },
      {
        "signature": "sha256:68c331f624cea6c0827a31e96a6dce2e75461227c42da70f11ba765a8c6a8cec",
        "filename": "witchery-1.7.10-0.24.1.jar"
      },
      {
        "signature": "sha256:4a79eaad8c80e531e64dc9216e49eb7e36d03e4ec6a01168d20da33ff36dc87a",
        "filename": "Avaritia-1.11.jar"
      },
      {
        "signature": "sha256:661f239bc0a756ff20123b150026c1d3a31b2fa769e1bc7f13f06cd70e932ee9",
        "filename": "Excore-1.5.3-1.7.10.jar"
      },
      {
        "signature": "sha256:bb1185aa0a21396830f212e3acba63134f6304a334689849a907a9ccadab5ade",
        "filename": "malisiscore-1.7.10-0.14.3.jar"
      },
      {
        "signature": "sha256:7dd1a08c97a7b453eb761a75006f56e6acfa841d3eb723792f0ee5710bff5829",
        "filename": "Wawla-1.0.5.120.jar"
      },
      {
        "signature": "sha256:107d11509f6af59b8c2ba23df828bc5d3c4e067b58f3d858c7deb90ca5308f84",
        "filename": "librarylwjglopenal-20100824.jar"
      },
      {
        "signature": "sha256:8a1f65fc07f7ab24ccbca1961cad6ae1087a5f3a6cb0ce8790078557648f67bf",
        "filename": "BigDoors-1.7.10-1.1.0.jar"
      },
      {
        "signature": "sha256:734094762d19bdd32b0a68bf1e8a7ef77b5def34d5380830cd5b862468ec0bb6",
        "filename": "achievextrem-1.0.1.jar"
      },
      {
        "signature": "sha256:8772f727448b8c68785331ae051cb5d80ac6ade14b36646eed101f621356b1b1",
        "filename": "OpenEye-0.6-1.7.10.jar"
      },
      {
        "signature": "sha256:09d44e6adddaab9fd89ea3164c439f71c755769fa8d3a940352ab3d2003b98ff",
        "filename": "asm-all-5.0.3.jar"
      },
      {
        "signature": "sha256:59788ba4dc3dcaef029a41b4edff9c65a1161841121a61a7c4e5f8d36ac9c5e5",
        "filename": "ExtraTiC-1.7.10-1.4.6.jar"
      },
      {
        "signature": "sha256:bc4e2143ec4b0cdb7da624c2e13688a5fd40e2cd99e0628dbf1799d9cd0d7921",
        "filename": "CoFHCore-[1.7.10]3.1.3-327.jar"
      },
      {
        "signature": "sha256:20d3c6ab0961545853207d263132788dde7198e9b9856a3abcd289c05691d1d5",
        "filename": "Railcraft_1.7.10-9.12.2.0.jar"
      },
      {
        "signature": "sha256:8dc73bb4d4b368c43c8c21ed298324ed3739f0024d9373d11da5c274d38984d5",
        "filename": "scala-continuations-plugin_2.11.1-1.0.2.jar"
      },
      {
        "signature": "sha256:46b57c105fadbf781b2bd86d7ad8d1fc9040e78086a012126dda9a97e576a49b",
        "filename": "worldedit-forge-mc1.7.10-6.1.1-dist.jar"
      },
      {
        "signature": "sha256:eb0ca9bdd938f80711152a758d6bc331a8b0d769199d457294dc67ed03f73498",
        "filename": "log4j-api-2.0-beta9.jar"
      },
      {
        "signature": "sha256:48735b82e240bcadea62baa3a5ab601d091045579e1ecd1945866393394f4ce1",
        "filename": "ExtraCells-1.7.10-2.3.14b197.jar"
      },
      {
        "signature": "sha256:8e968943cce623f6af5402595bb8731ecf6c32c394f44d602f13396ad10e49c0",
        "filename": "EnderIO-1.7.10-2.3.0.429_beta.jar"
      },
      {
        "signature": "sha256:437d8faad1c5524ac0dc2224bfe57eb793f8d96fcff71d1278fa0b92f81c6419",
        "filename": "NotEnoughIDs-1.4.3.4.jar"
      },
      {
        "signature": "sha256:a71c6396aa3152773c1db3444eb0667e22c440ee76552306a617cacd11277840",
        "filename": "fastcraft-1.23.jar"
      },
      {
        "signature": "sha256:5979d37a53b984c5be3794349eeb0178a3c1f9a60c4b461a6ac16f15ca079602",
        "filename": "DescriptionTags-1.0-1.7.10.jar"
      },
      {
        "signature": "sha256:c109afd4d6c1abf1b28a9330330600663df5510faece89143289667b62421888",
        "filename": "CraftHeraldry 1.1.3.jar"
      },
      {
        "signature": "sha256:99cfba97ff9eb7d7290f59390ba9b6e34ae06586e2fcc9c67e41ffa87aeb1cba",
        "filename": "1.7.10-MB_Battlegear2-Bullseye-1.0.8.3.jar"
      },
      {
        "signature": "sha256:7ec89cc259493171fb7b1c746c5eb7439ddff360730840d0143919af9d2ecb0c",
        "filename": "EnderCore-1.7.10-0.2.0.38_beta.jar"
      },
      {
        "signature": "sha256:ee05f0489454237598e1005f18166da65fd63b6d4428cb8b63a54bcebad297b1",
        "filename": "Metallurgy-1.7.10-4.0.9.148.jar"
      },
      {
        "signature": "sha256:5330bb9a3bc813d22d4e72100e558dafec79ac2e75e70b768208a6a770ed372a",
        "filename": "cookingbook-mc1.7.10-1.0.140.jar"
      },
      {
        "signature": "sha256:036751e0dca4fdbf67b2ce1e5fa3e6b2acf13b797b4ae48e37c0d10dd91f3ee9",
        "filename": "forestry_1.7.10-4.2.15.63.jar"
      },
      {
        "signature": "sha256:9844cc9b5440d65a88d28bcba9d771374d2dfdab898848cda164611091633013",
        "filename": "httpclient-4.3.3.jar"
      },
      {
        "signature": "sha256:ae97ab8d1b91e0fb0a66fbef53db03ba0051bdbae2d441227820c45f601ffdb8",
        "filename": "ThaumicInfusion-4.32.jar"
      },
      {
        "signature": "sha256:a718bc2c11e58cc92a8ad96d5c56b34c60b6176322b3dee8eff0f6e581877ec5",
        "filename": "TConstruct-1.7.10-1.8.8.jar"
      },
      {
        "signature": "sha256:3120fd24c09ab9bc088cb9c1eb2065be86718608450fdbc27b5d371729a619cb",
        "filename": "netty-1.6.jar"
      },
      {
        "signature": "sha256:0c518e212ac7bdfd8f93f96f7898b16a3686719998ed78420a7179a7723a2155",
        "filename": "Reliquary-1.7.10-1.2.1.483.jar"
      },
      {
        "signature": "sha256:03aa8f9a012c2a34748648b8556c4391ca985bce744c4a589001c222f978ba04",
        "filename": "InventoryTweaks-1.59-dev-152.jar"
      },
      {
        "signature": "sha256:f4bc72fb618cfcb682c4d8b63cd379daf8f3e75d784778a6b7a511ab786923df",
        "filename": "TravellersGear-1.7.10-1.16.6.jar"
      },
      {
        "signature": "sha256:182cbb67db9de205ebaea9e2c986eca372060ac7acdce593aa5fb14a1af90a44",
        "filename": "WitchingGadgets-1.7.10-1.1.10.jar"
      },
      {
        "signature": "sha256:9bf5f1509c3c7fb5147caf6b2adecb76ac08252092075aa6177cc30e2bba5907",
        "filename": "supercraftingframe-1.7.10.3.jar"
      },
      {
        "signature": "sha256:cda9dc88e401c946a0556bc1b2f48fee0325facecda1525489ff07f38593ffb3",
        "filename": "malisisadvert-1.7.10-0.5.0.jar"
      },
      {
        "signature": "sha256:9be90e398ed5259bcc090c6fda8d243f9f20eef53fe807be6c1993974ed39b81",
        "filename": "HQM-The Journey-4.4.4.jar"
      },
      {
        "signature": "sha256:44423d7c43bde9274e1dbc1b00d6bd14ec7cb2572326eeefa9c6dd6fab47930b",
        "filename": "Waila-1.5.10_1.7.10.jar"
      },
      {
        "signature": "sha256:e1ed114a61c4581b050f8db9932aa14bac4ac322994be51015ebc8e4cad66287",
        "filename": "denseores-1.6.2.jar"
      },
      {
        "signature": "sha256:ded13b173b2e2abec12870b5b38d19dd3a25a14161c9699c925878ef12ccdd4a",
        "filename": "NetherOres-[1.7.10]2.3.1-22.jar"
      },
      {
        "signature": "sha256:05ae8f11b8f9012ebebbf179227b010829739c6284e30da5dd3db220ee682f8a",
        "filename": "Baubles-1.7.10-1.0.1.10.jar"
      },
      {
        "signature": "sha256:50c9eb16467db681e1517e5d9caeb3c5e71e9c684b9fa1d545e63ad5f717e69f",
        "filename": "Laundarray-1.7.10-0.1.1-d5.jar"
      },
      {
        "signature": "sha256:2abfff2f5f103f1d5203d5e73445e2885d5d32170e8f0af259f5cf92b92273df",
        "filename": "thaumichorizons-1.7.10-1.1.9.jar"
      },
      {
        "signature": "sha256:ce7a9c86ebebf30b89929026f4a0a3c58ce0f4d47937d6dc086ae4fd0c77544a",
        "filename": "authlib-1.5.21.jar"
      },
      {
        "signature": "sha256:4a1463028fe07e4997ab45c54867832c1ddb200df34ae88bb1056e165b48193d",
        "filename": "ThaumicBases-1.3.1710.4.jar"
      },
      {
        "signature": "sha256:25ab449193e91ab7360823417eaed0eaa3dd9d0eda66edbe62ccdea7c6882476",
        "filename": "Pam\u0027s Clay Spawn 1.7.10b.jar"
      },
      {
        "signature": "sha256:1afa0981f531071bd413086f6a351a4330ec5e0c59519b24af3d132bd522fb95",
        "filename": "KoreSample-1.7.10-1.3.2.jar"
      },
      {
        "signature": "sha256:014214467ff66142ecbf47b941b3c2bf3d14f13ae85c52116abe680929c4005a",
        "filename": "trashslot-mc1.7.10-1.0.31.jar"
      },
      {
        "signature": "sha256:b94b799e7471858b7651728ea56f6cc51087142f0291843d6460fac4225ec28c",
        "filename": "ironchest-1.7.10-6.0.60.741-universal.jar"
      },
      {
        "signature": "sha256:21ddd4bc9df1785fb64a02d71c8ce5c5e415b8fe73f5a6efb7c98574b1f621c6",
        "filename": "EquivalentExchange3-1.7.10-0.3.0.547.jar"
      },
      {
        "signature": "sha256:b6652f5bbad569ea8fa2896016a49f60dc18a79b0d2c9fea136b23596be9ba01",
        "filename": "Floocraft-1.7.10-1.7.jar"
      },
      {
        "signature": "sha256:c7c3eb6d8a4d5287375baf810df68a5621d8b476f7f06d477d28f5ecd65a6621",
        "filename": "Equivalence-1.7.10-1.2.0.jar"
      },
      {
        "signature": "sha256:5125fca99d98eb00495f5c62b4e2c9e9c111e66888b71806c3f10b578503b168",
        "filename": "ExtraCarts-1.7.10-1.0.0.jar"
      },
      {
        "signature": "sha256:32d7e73005a2dc0ccc3c62470c435b351f6501de8e8718e26960534754570a77",
        "filename": "lwjgl_util-2.9.1.jar"
      },
      {
        "signature": "sha256:35e9c42e04828b36eb8a4c279c923cde487fb3fb18794991b19c559a18509356",
        "filename": "WAILAPlugins-MC1.7.10-0.2.0-23.jar"
      },
      {
        "signature": "sha256:4c33b8711fa6c667898e9752ace5bbaa92ae26b9f139fbec88c84447a352208a",
        "filename": "Pam\u0027s BoneCraft 1.7.2b.zip"
      },
      {
        "signature": "sha256:4ffa07c000726d6fc28a1a4c46224645d6e202efa2f5fcf1a1bd4051afffdc20",
        "filename": "NotEnoughThaumcraftTabs-1.0.2.jar"
      },
      {
        "signature": "sha256:e76d88c2cc3786d8fe8b025c230e8a2557a35d63759972f890555f11325be9e7",
        "filename": "OpenBlocks-1.7.10-1.5.1.jar"
      },
      {
        "signature": "sha256:6b6f8693ad4fb4ce4de8de9a2bc9f8d5433f80b3e3bbdd227a1909c8c31ee938",
        "filename": "BloodMagic-1.7.10-1.3.3-17.jar"
      },
      {
        "signature": "sha256:088bcb80f71b6e6a2a31d2fe7288c1fd64f19663ce281b924cdfab3fb105f4f3",
        "filename": "scala-library-2.11.1.jar"
      },
      {
        "signature": "sha256:c13530f8eb3bba0a77a5343af0a6c72d0b384be5c9d036067e58c9f544816a3b",
        "filename": "magicalcrops-4.0.0_PUBLIC_BETA_5.jar"
      },
      {
        "signature": "sha256:c60aa318787341b4bcebc8c4f97c340bed0285955f1183fc1749fd70235f771b",
        "filename": "RandomThings-2.2.4.jar"
      },
      {
        "signature": "sha256:89e6d879f0a8a39f3c37b5222472af4940bad414a473a600a6ffbd378b103262",
        "filename": "Et Futurum-1.5.5.jar"
      },
      {
        "signature": "sha256:9257961c710d44ba4deed68e66854a2d564421ad6228af2c683ddb1d5d185085",
        "filename": "tcnodetracker-1.7.10-1.1.2.jar"
      },
      {
        "signature": "sha256:c6861456894b85d854321f58efb1eefec4440a3f3fa0ba79beeca91d20f77ed9",
        "filename": "NaturalAbsorption-1.7.10-1.2.1.jar"
      },
      {
        "signature": "sha256:a8ced4924d0e285ab287d94889e9920f855b9e13ef42e1c7468377b3c13bdb2b",
        "filename": "realms-1.3.5.jar"
      },
      {
        "signature": "sha256:acd2c1e4cd9ffe2f6e5d6c31c0b60dcee2afe474c80e232e5293ae2cf741c5fe",
        "filename": "craftingtweaks-mc1.7.10-1.0.82.jar"
      },
      {
        "signature": "sha256:cc6a41dc3eaacc9e440a6bd0d2890b20d36b4ee408fe2d67122f328bb6e01581",
        "filename": "commons-io-2.4.jar"
      },
      {
        "signature": "sha256:57f402b626d16cc2705bf2a37add7adbb074f0ca3b3102fa6e23aa303dae682f",
        "filename": "launchwrapper-1.12.jar"
      },
      {
        "signature": "sha256:a1941ee4d4b965c4d2ddc6ec0e0b1eb3f3ff8c8b492a18a25b5fcf27c67ba58b",
        "filename": "extrautilities-1.2.12.jar"
      },
      {
        "signature": "sha256:2884bb70ba5edaa133981bbf6dae087c47bcef655f93567252f18421138a9693",
        "filename": "HardcoreEnderExpansion  MC-1.7.10  v1.8.6.jar"
      },
      {
        "signature": "sha256:41938d1e89670979dd783102777a8b879999f4fb00a5b811b51c105b02a9d4f8",
        "filename": "scala-reflect-2.11.1.jar"
      },
      {
        "signature": "sha256:73b3f9b2fbf06296aba84404daf1f0975f841f42707069587755c1f8850b4b12",
        "filename": "ae2stuff-0.5.0.56-mc1.7.10.jar"
      },
      {
        "signature": "sha256:5361d4179681043893be4e46488c9fccaad2b80430ca1ce200ed8890f77fd0e0",
        "filename": "scala-continuations-library_2.11-1.0.2.jar"
      },
      {
        "signature": "sha256:6d845b6cfd5dbb5c9f2ba40ba4a0a0451a00769b0041241e3cb4246289f0489e",
        "filename": "Mariculture-Deluxe-1.7.10-1.3.0-6.jar"
      },
      {
        "signature": "sha256:79b5a4f5829e1a49a415711f7fb8eb5b9ad22defa72929fda2da96ec30d3f018",
        "filename": "jinput-2.0.5.jar"
      },
      {
        "signature": "sha256:37014340a0400277b1202233f75619d53e84c0cf37d2d3561a993241a45cb412",
        "filename": "Morpheus-1.7.10-1.6.21.jar"
      },
      {
        "signature": "sha256:70903f6fc82e9908c8da9f20443f61d90f0870a312642991fe8462a0b9391784",
        "filename": "commons-logging-1.1.3.jar"
      },
      {
        "signature": "sha256:27cf01972d3bb37cd4ca56683b924821d142f5dc27d3d1bb46fea5fa31a1c774",
        "filename": "thaumicenergistics-1.0.0.5.jar"
      },
      {
        "signature": "sha256:e4a3dd27370920b2be108ba7a18efe720a521d4956abb34a8ebf74958ff25f55",
        "filename": "LunatriusCore-1.7.10-1.1.2.21-universal.jar"
      },
      {
        "signature": "sha256:5bcc06144f3b067b07f20a0cd16db3b5208d6d4c500af15583f2732085b56cf2",
        "filename": "Alt-F4-1.7.10-0.0.2.9.jar"
      },
      {
        "signature": "sha256:a156a865d247909c5241d3c2047a0584741cb98d584aea0d4a98e8f2fb60e9df",
        "filename": "More Backpacks-1.7.10-2.2.2.jar"
      },
      {
        "signature": "sha256:daafa263c1aad003e4f988c720e5077ba0227764adeff57177f0dfdded2a2205",
        "filename": "Doors-4.0.1.jar"
      },
      {
        "signature": "sha256:81b37b21a739d1d0d8851f283a9cd8ae03c276bd6310268817e50de67b85ecb5",
        "filename": "ThermalSingularities-1.7.10-1.2.jar"
      },
      {
        "signature": "sha256:ac1c37833aa8ec38a38f42111a9b2e196336b14c0891a3e76e284a61d1fb3dac",
        "filename": "malisisdoors-1.7.10-1.13.2.jar"
      },
      {
        "signature": "sha256:16c96c4a4daeec4d06eafee79b259c6355e6059085dcbb1cd535d4f132a13b49",
        "filename": "RemoteIO-1.7.10-2.4.0-universal.jar"
      },
      {
        "signature": "sha256:c3334ff39cf0ab3b54925619101054c90098b7c733b1e7834c7b75e4c41e84a5",
        "filename": "jutils-1.0.0.jar"
      },
      {
        "signature": "sha256:6e7b5f156af10c8bc4e684955ace5d9a881e8e4540164ce742bc35bc4fa27572",
        "filename": "ForestryFermenterAddon-1.7.10-1.0.5.jar"
      },
      {
        "signature": "sha256:924d98cb9f37b2ebd0fe35590f4bebab18ed1987bdd09dc5ca8ab9244ae2b6b0",
        "filename": "TCBotaniaExoflame-1.7.10-1.4.jar"
      },
      {
        "signature": "sha256:19495ce701fd9ba3c499c137e3ad5364acee8f87a01ef99e912f995a23fd4cb1",
        "filename": "scala-parser-combinators_2.11-1.0.1.jar"
      },
      {
        "signature": "sha256:ab5dd5d4abf9fd977d5df089ee1c7ba45f4817d8c792811f8f73d6428be56925",
        "filename": "EnderTanks-rev16-beta1.jar"
      },
      {
        "signature": "sha256:a91a1848197b29b6e6547ca7200bdd47a9ae1bf96ef06446844d21fdfe172851",
        "filename": "TMechworks-1.7.10-0.2.15.106.jar"
      },
      {
        "signature": "sha256:0e9ba9404b86ab038d6523dc0c92d7c901494eed7124289ff9cfd6715e08c245",
        "filename": "extrabiomesxl_1.7.10-3.16.4.jar"
      },
      {
        "signature": "sha256:85592ebce362268018bbbcdb943625b3841982de14136b70ccd139a9ace71d92",
        "filename": "netherportalfix-mc1.7.10-1.1.0.jar"
      },
      {
        "signature": "sha256:1a448662296b1e005009cea21dc7bfb19da9209a9dd9764255e513b718d48b21",
        "filename": "catwalks-2.0.4.jar"
      },
      {
        "signature": "sha256:4bb59447a194f0b84fd88609c22c78497c14ef66bf8957e34b6da2efff345824",
        "filename": "AncientTrees-1.7.10-1.6.4.jar"
      },
      {
        "signature": "sha256:b273e3836701c980ecba8422447095d92a68950abc082a85e842ca7713401634",
        "filename": "Railcraft_Cosmetics-1.7.10-v2.0.jar"
      },
      {
        "signature": "sha256:a985c0712e195bef958d94fb74e3f5132398caa46a1b727faeda9baad6ab8784",
        "filename": "twilightforest-1.7.10-2.3.7.jar"
      },
      {
        "signature": "sha256:68c8a4f4c7785f939d8fa2e7df56c76afa37dfd2574f738a07d3dfd80d6257a6",
        "filename": "Chisel-2.9.5.11.jar"
      },
      {
        "signature": "sha256:29aa164560f646d5171c4fa50b7ffd36d94393bf527eb5479ad47bc972eb7a61",
        "filename": "TiCTooltips-mc1.7.10-1.2.5.jar"
      },
      {
        "signature": "sha256:fbf630b86f54c98724d6d672955beed7fab3a9054e08f96273ec7777fab9e40b",
        "filename": "RedGearCore-1.7.10-2.1.3.jar"
      },
      {
        "signature": "sha256:68c7a3d0ea05a4a5b1b9bc815cfb2c13a5cdf0649ec80a314160cbbbe1633912",
        "filename": "inventorypets-1.7.10-1.4.8.1-universal.jar"
      },
      {
        "signature": "sha256:72f714ec7a5cdb5a93446c872227f49cabf54b45002913b0a2fec7d585747aac",
        "filename": "Runes-of-Wizardry-1.7.10-0.3.1.jar"
      },
      {
        "signature": "sha256:df7544a4791876d0c6bd19930f7cdae71ad72ee22e7c95d6addfaeb58479052f",
        "filename": "ThermalFoundation-[1.7.10]1.2.5-115.jar"
      },
      {
        "signature": "sha256:023dc9b4a72ca0522b37eb9a5e34a3be12c7035fe120327e3bb1202733eef216",
        "filename": "Schematica-1.7.10-1.7.6.131-universal.jar"
      },
      {
        "signature": "sha256:75bf73e393517b14fb0dd05c4729dc19f4907d5148d7399d1bd40431f7381976",
        "filename": "Sanguine Utilities-1.3.2.jar"
      },
      {
        "signature": "sha256:abd02320e2356f89d054dae4cf02306bef20a9cf7865b3ac94ec7552b4f1528b",
        "filename": "httpcore-4.3.2.jar"
      },
      {
        "signature": "sha256:ad19d2601c3abf0b946b5c3a4113e226a8c1e3305e395b90013b78dd94a723ce",
        "filename": "commons-codec-1.9.jar"
      },
      {
        "signature": "sha256:0264a91857ef350ec29c6dcca8c7fab87cf20819984ed8efc99e495402350875",
        "filename": "DummyCore1.13.jar"
      },
      {
        "signature": "sha256:eda03c0c76118094ae54dfcec024e34b53e523acb5c6889f091a4509471afc04",
        "filename": "Mantle-1.7.10-0.3.2b.jar"
      },
      {
        "signature": "sha256:814be9fcddf80d6b35f13b96bbdacc366ca71656300b26968b190215bde62e0c",
        "filename": "AOBD-2.9.2.jar"
      },
      {
        "signature": "sha256:65b3177338d888fcc4f552c2e1413f3e99a3f367f1d621e23b25ac34dd630841",
        "filename": "thaumicSanity-1.0-1.7.10-9.jar"
      },
      {
        "signature": "sha256:8be6d63ac23ff19bb6e19f07e5e51984daf27eabcc36d0908ce647695198da4c",
        "filename": "Waterproof 1.0-1.jar"
      },
      {
        "signature": "sha256:3ebbc2f82b61812aa158375005a47da4d450bec870860fcbf015a64de74cde1c",
        "filename": "NotEnoughItems-1.7.10-1.0.5.120-universal.jar"
      },
      {
        "signature": "sha256:b1d847e0b3ef0286dcf40b5793e7a7057af79740d83797f70d45b9906f1af102",
        "filename": "AgriCraft-1.7.10-1.5.0.jar"
      },
      {
        "signature": "sha256:7f5560eaba976324edcca33c3937e5d7140bb722154dfa22b65009513395acd0",
        "filename": "InventoryCenterer-1.7.10-0.1.3.jar"
      },
      {
        "signature": "sha256:64335a48be6b142a7d0c13ec5c82a707857aa58c0234e6eda3eaca0e96eea51b",
        "filename": "jopt-simple-4.5.jar"
      },
      {
        "signature": "sha256:4ccbc821a417f0174c9734fc721f078177cacef94ded09c3775ebf40c6a7bdfd",
        "filename": "akka-actor_2.11-2.3.3.jar"
      },
      {
        "signature": "sha256:8986f56ab8241670f0cba2a6a77b24405a32ed15376e2a6eff3e54ddb60fa034",
        "filename": "NOVA-2015-10-09-universal.jar"
      },
      {
        "signature": "sha256:8c36a80ea613d0b6b8040a17cf837c5bbe3677bc1b06a058a6c174fdb787ebbc",
        "filename": "guava-17.0.jar"
      },
      {
        "signature": "sha256:3d1527c54e84dc8ae2f7d1109e646420e82bd3b09a811641f1f9a810c46c5f93",
        "filename": "CodeChickenCore-1.7.10-1.0.7.47-universal.jar"
      },
      {
        "signature": "sha256:a4fc2284657544e0f4bcc964f927c2fda3e3a205178ed1d5d58883aaf9780cce",
        "filename": "1.7.10.jar"
      },
      {
        "signature": "sha256:6c4b4e50e608763564afa1bde2d25ece9dd715e7c9129540faa1faded4896506",
        "filename": "codecjorbis-20101023.jar"
      },
      {
        "signature": "sha256:d138fbad128abc6177862d8558e10a05beae0a4918ffb2f0d52ce141cac8fbc3",
        "filename": "AOBDBB-1.0.6.jar"
      },
      {
        "signature": "sha256:96eaa32232b5a5b0f9afc121a0e1b2416e3dca50657b31e5431c0a04ae650552",
        "filename": "netty-all-4.0.10.Final.jar"
      },
      {
        "signature": "sha256:bc95c7e9c9577d1ba0feebf183fbad5572d959fdf701c720de61e2b194936f64",
        "filename": "companions-1.2.jar"
      },
      {
        "signature": "sha256:58fd620d96334aaa67facd6c723a61eb0605861d8c7c3100fc32172046614c7d",
        "filename": "HolographicVictoryMonument-1.4.jar"
      },
      {
        "signature": "sha256:dbaa088690a23a954eff669a99d2452a24dd9f10d866725ff5d29ff4740a897e",
        "filename": "vecmath-1.3.1.jar"
      },
      {
        "signature": "sha256:131f0519a8e4602e47cf024bfd7e0834bcf5592a7207f9a2fdb711d4f5afc166",
        "filename": "commons-lang3-3.1.jar"
      },
      {
        "signature": "sha256:056aef1c2971c783d7553b1b33ba411467dd2a263476b76c1325038e7ed5d079",
        "filename": "Botania r1.8-249.jar"
      },
      {
        "signature": "sha256:f921abc9c792f594f7fc6fc06b4a7ea330b646ea5ed3785e3589f90b16b2aad1",
        "filename": "twitch-5.16.jar"
      },
      {
        "signature": "sha256:7aeb6d77a24c96a05324ba22c34b5a682d468daf8adf3c8540136b417f4727f1",
        "filename": "ThaumicTinkerer-2.5-1.7.10-164.jar"
      },
      {
        "signature": "sha256:3aa616f5c56d2052fc5e3231f3e8cf1736f876caff0142a66096fc5b4dc87ae5",
        "filename": "scala-compiler-2.11.1.jar"
      },
      {
        "signature": "sha256:cdd5d71b919c9c433c5b770f0ff2e721903c0bd4bbba773d7d2d64035bb30fab",
        "filename": "bdlib-1.9.4.109-mc1.7.10.jar"
      },
      {
        "signature": "sha256:5227fa795b9b3c17795d40a225f050e976db537ab320495e58e93c6a1a75e1d9",
        "filename": "Carpenter\u0027s Blocks v3.3.8 - MC 1.7.10.jar"
      },
      {
        "signature": "sha256:dcde6033b205433d6e9855c93740f798951fa3a3f252035a768d9f356fde806d",
        "filename": "log4j-core-2.0-beta9.jar"
      },
      {
        "signature": "sha256:af168f67ea58a05664a43104bca81bd57ee8c7a0f292ebe14cd310c469bbfd15",
        "filename": "Enchiridion 2-1.7.10-2.0.2a.jar"
      },
      {
        "signature": "sha256:fe65c9a59ee1a4395f9372df3d373996f73b0dce70643b1eff5f7c3854d20444",
        "filename": "BloodArsenal-1.7.10-1.2-5.jar"
      },
      {
        "signature": "sha256:bb7d17b340afe6abdfbfdaa03683bce4aef39a64887dbab0636eaff3cf2d59ba",
        "filename": "codecwav-20101023.jar"
      },
      {
        "signature": "sha256:a0728aabc959ef1a19b778e45ec1ad03f1284fa3eed69b0a26177deaf5e7b120",
        "filename": "FSP-1.7.10-0.29.3.jar"
      },
      {
        "signature": "sha256:5fca136503f86ecc6cb61fbd17b137d59e56b45c7a5494e6b8fd3cabd4697fbd",
        "filename": "commons-compress-1.8.1.jar"
      },
      {
        "signature": "sha256:6ad51ca015242901d2dace8bcf187a2b6ba90e277269b820cd895c53b3c9cd22",
        "filename": "WailaHarvestability-mc1.7.10-1.1.6.jar"
      },
      {
        "signature": "sha256:73b5a033aaea72ff166280c69950b1150d13ce5dae2be3aab9f5afc06a725d0b",
        "filename": "adventurebackpack-1.7.10-0.8c.jar"
      },
      {
        "signature": "sha256:0ec8cd1ede7f7bbbf73030eba8b06ebcc0583045ff4cc9aec080b1736581da71",
        "filename": "appliedenergistics2-rv3-beta-6.jar"
      },
      {
        "signature": "sha256:8f6582bbb7f2d61e75a97c244ebafd4ef4280bf3923afc27576c07104c47041a",
        "filename": "ColorblindHelper-1.7.10-1.0.1.3.jar"
      },
      {
        "signature": "sha256:1ded490bcf22d8da55e21f81131359ed06a66d211f8e641daaf2e43c05de193d",
        "filename": "Decocraft-2.3.3_1.7.10.jar"
      },
      {
        "signature": "sha256:f740aa8bbc9ee42a897121881d0bb6282dd85cb9413e0594ad3749a468c16e32",
        "filename": "NotEnoughResources-1.7.10-0.1.0-128.jar"
      },
      {
        "signature": "sha256:ea9571cb27d0c047ff1948ec9dc53dabc52ac4cf48a9c9e86b4a035b5c3bdae3",
        "filename": "gearswap-1.2.3.jar"
      },
      {
        "signature": "sha256:17cf47a96cd31da7bd13f72d1afe97f35df601297446b21e30e051e9ae2107e2",
        "filename": "FastLeafDecay-1.7.10-1.4.jar"
      },
      {
        "signature": "sha256:3c8616203d61a12a7e3487e8b34f3c198c2b5ba9e90da0c7ea32d99cd4958012",
        "filename": "trove4j-3.0.3.jar"
      },
      {
        "signature": "sha256:6b81d10754dadf184d386011486e6509c2cc0c3d33565ced4fb4402b9413d47d",
        "filename": "commons-lang3-3.3.2.jar"
      },
      {
        "signature": "sha256:4a0d192a34e7ef3e7af039f64dc6426bd0a5a343aae4dd1107b2043a616a77f7",
        "filename": "CodeChickenLib-1.7.10-1.1.3.138-universal.jar"
      },
      {
        "signature": "sha256:5d6ccd237d0b15d18e5362166cfa3f0d9681e7b8c0682cb18c5ac76aaa1b1c74",
        "filename": "PlaceableGunpowder-1.1.jar"
      },
      {
        "signature": "sha256:2882d64550240dd0c026724da664d9f97ef205c91d6a85273d10790d88608f34",
        "filename": "soundsystem-20120107.jar"
      },
      {
        "signature": "sha256:f936dc8e0245d3c180643b3f8877c463e4960e26de98b100f805b30f70b6511e",
        "filename": "Avaritiaddons-1.2.jar"
      },
      {
        "signature": "sha256:7a34575770eebc60a5476616e3676a6cb6f2975c78c415e2a6014ac724ba5783",
        "filename": "guava-15.0.jar"
      },
      {
        "signature": "sha256:a770436e33988c2ef291f010a5bc465832396e6d986ea3141c72b65999cd56ab",
        "filename": "ShetiPhianCore-1.7.10-3.0.0.jar"
      },
      {
        "signature": "sha256:9446e5a89235ff77801f57c3259c8486017567f57d7f53177816f68d6100dcb7",
        "filename": "BiblioCraft[v1.11.5][MC1.7.10].jar"
      },
      {
        "signature": "sha256:be425660daa136a83c5c736544862507e2d153464a4b0bca72315f91a7f369df",
        "filename": "1.7.10_AM2-1.4.0.009.jar"
      },
      {
        "signature": "sha256:5e108efd78790b644a631e72362657acf8c16bfda5b0ba23e8553e418d1fd92e",
        "filename": "AppleCore-mc1.7.10-1.3.2.jar"
      },
      {
        "signature": "sha256:d0cb48115dd4b278787a574aa03a50b0e2d05321c2530cf6fc98ce3069f3b2d0",
        "filename": "MetallurgyChisel-1.7.10-1.0.0.11.jar"
      },
      {
        "signature": "sha256:33a6fda0043d7f19bb72902b22001a0fcd950f39279683945b8c1135717f55fa",
        "filename": "BiomesOPlenty-1.7.10-2.1.0.2027-universal.jar"
      },
      {
        "signature": "sha256:a4c389d51be76a89a6d667ec83419dcbc71cd99ba1f7377d172a951dedf355a7",
        "filename": "WorldEditCuiFe-v1.0.3-mf-1.7.10-10.13.4.1566.jar"
      },
      {
        "signature": "sha256:de6e40cfd7777a3d5179e463842409a97beee1218a1280dfcb0de16addcaca09",
        "filename": "magicalcropsdeco-4.0.0_PUBLIC_BETA_4a.jar"
      },
      {
        "signature": "sha256:c6dedaaae56dc63d224e1f3ac58e540fb61d2b98da4ad7e53fd98c24d728c7fb",
        "filename": "IguanaTinkerTweaks-1.7.10-2.1.6.jar"
      },
      {
        "signature": "sha256:3c373297bab520bea9b1ee65fab8cb04d69f1be433ba5ea12b5045cbfe3da704",
        "filename": "tinkersdefense-1.3.7.jar"
      },
      {
        "signature": "sha256:13dc50a5b39ff4daf64568b7086ea77ef27617654346dd16271a58b3625721ad",
        "filename": "SpiceOfLife-mc1.7.10-1.3.5.jar"
      },
      {
        "signature": "sha256:333bbefeff5eb1722dc9b8d2e26c38bc69c1efa07d0ca870480f29d8858aa336",
        "filename": "libraryjavasound-20101123.jar"
      },
      {
        "signature": "sha256:6756b33668f0c63fd4a4b05ccbbd70e365f5e753b56cf07cc39d564e6e4fdced",
        "filename": "MineTweaker3-1.7.10-3.0.10B.jar"
      },
      {
        "signature": "sha256:b0dc253702948d19d9c2d5191ae78ae022b65fac73210ca7313d7ef3b1cd7a57",
        "filename": "Pam\u0027s HarvestCraft 1.7.10Lb.jar"
      },
      {
        "signature": "sha256:958728cc1d2cc0036727b67ee937dca538a49daa6d355157b027bb1dcf8c20f8",
        "filename": "MoreChisels-1.7.10-1.0-28.jar"
      },
      {
        "signature": "sha256:85e0d8571ffcd155ca5e9d0f4ad8d6a80403a2328f3cd719b92d79cd672c5fd0",
        "filename": "OpenModsLib-1.7.10-0.9.1.jar"
      },
      {
        "signature": "sha256:1c9a380c4a2df48ff937a03e832bfede0261335485eacd99a587e4fb895ac26c",
        "filename": "TWarden-1.1.1.jar"
      },
      {
        "signature": "sha256:8f7ddf60d19903c99b6e72f7ae52fad7484999e72affc6ff0559b0502ec7dfad",
        "filename": "tcinventoryscan-mc1.7.10-1.0.11.jar"
      },
      {
        "signature": "sha256:ac85715fdf40a162d4b360b962a14d64a373535d002c04e4b24dfa51aeaa4b01",
        "filename": "ThaumicExploration-1.7.10-1.1-53.jar"
      }
    ],
    "addedSignatures": [
      "sha256:2abfff2f5f103f1d5203d5e73445e2885d5d32170e8f0af259f5cf92b92273df",
      "sha256:ae97ab8d1b91e0fb0a66fbef53db03ba0051bdbae2d441227820c45f601ffdb8",
      "sha256:79b5a4f5829e1a49a415711f7fb8eb5b9ad22defa72929fda2da96ec30d3f018",
      "sha256:0264a91857ef350ec29c6dcca8c7fab87cf20819984ed8efc99e495402350875",
      "sha256:fe65c9a59ee1a4395f9372df3d373996f73b0dce70643b1eff5f7c3854d20444",
      "sha256:64335a48be6b142a7d0c13ec5c82a707857aa58c0234e6eda3eaca0e96eea51b",
      "sha256:cdd5d71b919c9c433c5b770f0ff2e721903c0bd4bbba773d7d2d64035bb30fab",
      "sha256:41938d1e89670979dd783102777a8b879999f4fb00a5b811b51c105b02a9d4f8",
      "sha256:29aa164560f646d5171c4fa50b7ffd36d94393bf527eb5479ad47bc972eb7a61",
      "sha256:3c8616203d61a12a7e3487e8b34f3c198c2b5ba9e90da0c7ea32d99cd4958012",
      "sha256:c118f8d84313980f79e1e7f7ae4b14b10c2f20c77ea4a1c29f6f0b02bc139077",
      "sha256:c5f93519168f95e78bceaafbc8cd5a9a083e0d70d5ece07289f32941a6295017",
      "sha256:cc6a41dc3eaacc9e440a6bd0d2890b20d36b4ee408fe2d67122f328bb6e01581",
      "sha256:a4c389d51be76a89a6d667ec83419dcbc71cd99ba1f7377d172a951dedf355a7",
      "sha256:4a1463028fe07e4997ab45c54867832c1ddb200df34ae88bb1056e165b48193d",
      "sha256:107d11509f6af59b8c2ba23df828bc5d3c4e067b58f3d858c7deb90ca5308f84",
      "sha256:c7c3eb6d8a4d5287375baf810df68a5621d8b476f7f06d477d28f5ecd65a6621",
      "sha256:70903f6fc82e9908c8da9f20443f61d90f0870a312642991fe8462a0b9391784",
      "sha256:8986f56ab8241670f0cba2a6a77b24405a32ed15376e2a6eff3e54ddb60fa034",
      "sha256:59788ba4dc3dcaef029a41b4edff9c65a1161841121a61a7c4e5f8d36ac9c5e5",
      "sha256:35e9c42e04828b36eb8a4c279c923cde487fb3fb18794991b19c559a18509356",
      "sha256:1c9a380c4a2df48ff937a03e832bfede0261335485eacd99a587e4fb895ac26c",
      "sha256:6ad51ca015242901d2dace8bcf187a2b6ba90e277269b820cd895c53b3c9cd22",
      "sha256:4a79eaad8c80e531e64dc9216e49eb7e36d03e4ec6a01168d20da33ff36dc87a",
      "sha256:6b81d10754dadf184d386011486e6509c2cc0c3d33565ced4fb4402b9413d47d",
      "sha256:0ec8cd1ede7f7bbbf73030eba8b06ebcc0583045ff4cc9aec080b1736581da71",
      "sha256:85592ebce362268018bbbcdb943625b3841982de14136b70ccd139a9ace71d92",
      "sha256:425a3aae7239c0e3dfbe4b8af3fe1202640b34c39e3f40cadc022d3da69fd271",
      "sha256:a718bc2c11e58cc92a8ad96d5c56b34c60b6176322b3dee8eff0f6e581877ec5",
      "sha256:437d8faad1c5524ac0dc2224bfe57eb793f8d96fcff71d1278fa0b92f81c6419",
      "sha256:830e69776e015e8042711d1e3e3f7740bfa923850ae63b8a547aadd2efea22ea",
      "sha256:a1941ee4d4b965c4d2ddc6ec0e0b1eb3f3ff8c8b492a18a25b5fcf27c67ba58b",
      "sha256:e4a3dd27370920b2be108ba7a18efe720a521d4956abb34a8ebf74958ff25f55",
      "sha256:4c33b8711fa6c667898e9752ace5bbaa92ae26b9f139fbec88c84447a352208a",
      "sha256:6c3338a4062c13dc2ce61630d9854d361a81656a4050e5080302f500dd4a8832",
      "sha256:2884bb70ba5edaa133981bbf6dae087c47bcef655f93567252f18421138a9693",
      "sha256:4c1d78e0adee1754675d93ffbadc8c9fe205710cb77538b953e57810f9528efc",
      "sha256:b89d0beb76df20c7b2c2bee59ba53b802cc48566bc3e89ac96ce6361c5c2ee38",
      "sha256:9be90e398ed5259bcc090c6fda8d243f9f20eef53fe807be6c1993974ed39b81",
      "sha256:bb7d17b340afe6abdfbfdaa03683bce4aef39a64887dbab0636eaff3cf2d59ba",
      "sha256:3c373297bab520bea9b1ee65fab8cb04d69f1be433ba5ea12b5045cbfe3da704",
      "sha256:89e6d879f0a8a39f3c37b5222472af4940bad414a473a600a6ffbd378b103262",
      "sha256:1f854df092ed9749b300449cd62f5e809da28a4a02d5992212341ec4c112ff76",
      "sha256:8f7ddf60d19903c99b6e72f7ae52fad7484999e72affc6ff0559b0502ec7dfad",
      "sha256:a91a1848197b29b6e6547ca7200bdd47a9ae1bf96ef06446844d21fdfe172851",
      "sha256:daafa263c1aad003e4f988c720e5077ba0227764adeff57177f0dfdded2a2205",
      "sha256:42dded9ab1a4ac7247176552c6d9079b7f8cd565849ca74ce75ccb93889c121c",
      "sha256:00d1ca02192c7efb87da95552ebf247021f1e1d642f86d0a03076314def11529",
      "sha256:99cfba97ff9eb7d7290f59390ba9b6e34ae06586e2fcc9c67e41ffa87aeb1cba",
      "sha256:9257961c710d44ba4deed68e66854a2d564421ad6228af2c683ddb1d5d185085",
      "sha256:3fed2f0400a983083fcd39303580362fff0802d59649f3285b1df66c414c5408",
      "sha256:50c9eb16467db681e1517e5d9caeb3c5e71e9c684b9fa1d545e63ad5f717e69f",
      "sha256:a156a865d247909c5241d3c2047a0584741cb98d584aea0d4a98e8f2fb60e9df",
      "sha256:17cf47a96cd31da7bd13f72d1afe97f35df601297446b21e30e051e9ae2107e2",
      "sha256:85e0d8571ffcd155ca5e9d0f4ad8d6a80403a2328f3cd719b92d79cd672c5fd0",
      "sha256:036751e0dca4fdbf67b2ce1e5fa3e6b2acf13b797b4ae48e37c0d10dd91f3ee9",
      "sha256:73b3f9b2fbf06296aba84404daf1f0975f841f42707069587755c1f8850b4b12",
      "sha256:33a6fda0043d7f19bb72902b22001a0fcd950f39279683945b8c1135717f55fa",
      "sha256:abd02320e2356f89d054dae4cf02306bef20a9cf7865b3ac94ec7552b4f1528b",
      "sha256:a1cfba20d02ea5ba5f5a646a85caca9e23aca777f4ed47707657bc0f83a45831",
      "sha256:5fca136503f86ecc6cb61fbd17b137d59e56b45c7a5494e6b8fd3cabd4697fbd",
      "sha256:13dc50a5b39ff4daf64568b7086ea77ef27617654346dd16271a58b3625721ad",
      "sha256:20d3c6ab0961545853207d263132788dde7198e9b9856a3abcd289c05691d1d5",
      "sha256:5330bb9a3bc813d22d4e72100e558dafec79ac2e75e70b768208a6a770ed372a",
      "sha256:ce7a9c86ebebf30b89929026f4a0a3c58ce0f4d47937d6dc086ae4fd0c77544a",
      "sha256:5bcc06144f3b067b07f20a0cd16db3b5208d6d4c500af15583f2732085b56cf2",
      "sha256:924d98cb9f37b2ebd0fe35590f4bebab18ed1987bdd09dc5ca8ab9244ae2b6b0",
      "sha256:3d1527c54e84dc8ae2f7d1109e646420e82bd3b09a811641f1f9a810c46c5f93",
      "sha256:088bcb80f71b6e6a2a31d2fe7288c1fd64f19663ce281b924cdfab3fb105f4f3",
      "sha256:8772f727448b8c68785331ae051cb5d80ac6ade14b36646eed101f621356b1b1",
      "sha256:3dba9786966974701578a658d1bb369bf35bdf5f363079f5ac9c4910a39113be",
      "sha256:9bf5f1509c3c7fb5147caf6b2adecb76ac08252092075aa6177cc30e2bba5907",
      "sha256:147592c5eb8e11fc8394125954f877acf25918bae13aa210c2825aefc3030ed8",
      "sha256:be425660daa136a83c5c736544862507e2d153464a4b0bca72315f91a7f369df",
      "sha256:8c36a80ea613d0b6b8040a17cf837c5bbe3677bc1b06a058a6c174fdb787ebbc",
      "sha256:d6b239a05a630cfb3b6de01fe14a8674ec14ef8fb34ea75d1ad45b79565d8636",
      "sha256:1a448662296b1e005009cea21dc7bfb19da9209a9dd9764255e513b718d48b21",
      "sha256:b0324a5dc7ffb1b9c19a0b6ff341986697cb56c06983e35b7f84fdecc6cb24d0",
      "sha256:20f4d593a23b395d216cdcbec7c35eb0f6709458f793d0a2ed14ea0d54cb82b9",
      "sha256:44423d7c43bde9274e1dbc1b00d6bd14ec7cb2572326eeefa9c6dd6fab47930b",
      "sha256:2882d64550240dd0c026724da664d9f97ef205c91d6a85273d10790d88608f34",
      "sha256:a770436e33988c2ef291f010a5bc465832396e6d986ea3141c72b65999cd56ab",
      "sha256:1ded490bcf22d8da55e21f81131359ed06a66d211f8e641daaf2e43c05de193d",
      "sha256:f4bc72fb618cfcb682c4d8b63cd379daf8f3e75d784778a6b7a511ab786923df",
      "sha256:f921abc9c792f594f7fc6fc06b4a7ea330b646ea5ed3785e3589f90b16b2aad1",
      "sha256:4bb59447a194f0b84fd88609c22c78497c14ef66bf8957e34b6da2efff345824",
      "sha256:5d6ccd237d0b15d18e5362166cfa3f0d9681e7b8c0682cb18c5ac76aaa1b1c74",
      "sha256:661f239bc0a756ff20123b150026c1d3a31b2fa769e1bc7f13f06cd70e932ee9",
      "sha256:814be9fcddf80d6b35f13b96bbdacc366ca71656300b26968b190215bde62e0c",
      "sha256:014214467ff66142ecbf47b941b3c2bf3d14f13ae85c52116abe680929c4005a",
      "sha256:5125fca99d98eb00495f5c62b4e2c9e9c111e66888b71806c3f10b578503b168",
      "sha256:6e7b5f156af10c8bc4e684955ace5d9a881e8e4540164ce742bc35bc4fa27572",
      "sha256:de6e40cfd7777a3d5179e463842409a97beee1218a1280dfcb0de16addcaca09",
      "sha256:b0dc253702948d19d9c2d5191ae78ae022b65fac73210ca7313d7ef3b1cd7a57",
      "sha256:19495ce701fd9ba3c499c137e3ad5364acee8f87a01ef99e912f995a23fd4cb1",
      "sha256:acd2c1e4cd9ffe2f6e5d6c31c0b60dcee2afe474c80e232e5293ae2cf741c5fe",
      "sha256:6c4b4e50e608763564afa1bde2d25ece9dd715e7c9129540faa1faded4896506",
      "sha256:b94b799e7471858b7651728ea56f6cc51087142f0291843d6460fac4225ec28c",
      "sha256:5361d4179681043893be4e46488c9fccaad2b80430ca1ce200ed8890f77fd0e0",
      "sha256:7aeb6d77a24c96a05324ba22c34b5a682d468daf8adf3c8540136b417f4727f1",
      "sha256:8dc73bb4d4b368c43c8c21ed298324ed3739f0024d9373d11da5c274d38984d5",
      "sha256:bc4e2143ec4b0cdb7da624c2e13688a5fd40e2cd99e0628dbf1799d9cd0d7921",
      "sha256:5227fa795b9b3c17795d40a225f050e976db537ab320495e58e93c6a1a75e1d9",
      "sha256:ad19d2601c3abf0b946b5c3a4113e226a8c1e3305e395b90013b78dd94a723ce",
      "sha256:0c3085cb93c3ef95d731c274b6f2dd195aa0405fe9328d69cab7f5e899d5e124",
      "sha256:16c96c4a4daeec4d06eafee79b259c6355e6059085dcbb1cd535d4f132a13b49",
      "sha256:b59c027b19ff64d6c24a32ca48b6839a06f97eea5fcb1819bd94fded2e48f3c3",
      "sha256:c0328cd07ca9e363a5acd00c1cf4afe8cf554bd6d373834981ba05cebec687fb",
      "sha256:7ec89cc259493171fb7b1c746c5eb7439ddff360730840d0143919af9d2ecb0c",
      "sha256:182cbb67db9de205ebaea9e2c986eca372060ac7acdce593aa5fb14a1af90a44",
      "sha256:72f714ec7a5cdb5a93446c872227f49cabf54b45002913b0a2fec7d585747aac",
      "sha256:73b5a033aaea72ff166280c69950b1150d13ce5dae2be3aab9f5afc06a725d0b",
      "sha256:d0cb48115dd4b278787a574aa03a50b0e2d05321c2530cf6fc98ce3069f3b2d0",
      "sha256:57f402b626d16cc2705bf2a37add7adbb074f0ca3b3102fa6e23aa303dae682f",
      "sha256:4ffa07c000726d6fc28a1a4c46224645d6e202efa2f5fcf1a1bd4051afffdc20",
      "sha256:81b37b21a739d1d0d8851f283a9cd8ae03c276bd6310268817e50de67b85ecb5",
      "sha256:ac85715fdf40a162d4b360b962a14d64a373535d002c04e4b24dfa51aeaa4b01",
      "sha256:d51fc5cdb5f2ac4c8cb0fd86204a285212ad21d7cad524d5904b8585dae6a53f",
      "sha256:dbaa088690a23a954eff669a99d2452a24dd9f10d866725ff5d29ff4740a897e",
      "sha256:c60aa318787341b4bcebc8c4f97c340bed0285955f1183fc1749fd70235f771b",
      "sha256:65b3177338d888fcc4f552c2e1413f3e99a3f367f1d621e23b25ac34dd630841",
      "sha256:3ebbc2f82b61812aa158375005a47da4d450bec870860fcbf015a64de74cde1c",
      "sha256:4bf193e3b9a91bceef65e82f6a27ee5c050d29552ef7e1606f222a79571fc44e",
      "sha256:5253d2a934791587dd998727516a4cf1986a2f76947851929f57895a2531f45d",
      "sha256:58fd620d96334aaa67facd6c723a61eb0605861d8c7c3100fc32172046614c7d",
      "sha256:3120fd24c09ab9bc088cb9c1eb2065be86718608450fdbc27b5d371729a619cb",
      "sha256:bb1185aa0a21396830f212e3acba63134f6304a334689849a907a9ccadab5ade",
      "sha256:fbf630b86f54c98724d6d672955beed7fab3a9054e08f96273ec7777fab9e40b",
      "sha256:e1ed114a61c4581b050f8db9932aa14bac4ac322994be51015ebc8e4cad66287",
      "sha256:f740aa8bbc9ee42a897121881d0bb6282dd85cb9413e0594ad3749a468c16e32",
      "sha256:6ff759efc10f9ea0deabb4aed7c1f61408d9bb9bce278949544c0a613f7ae4c8",
      "sha256:27cf01972d3bb37cd4ca56683b924821d142f5dc27d3d1bb46fea5fa31a1c774",
      "sha256:ded13b173b2e2abec12870b5b38d19dd3a25a14161c9699c925878ef12ccdd4a",
      "sha256:4ccbc821a417f0174c9734fc721f078177cacef94ded09c3775ebf40c6a7bdfd",
      "sha256:dee791c989e12cda1a32cb65081e24d40d727b9b6d99a38750fe6b9478983669",
      "sha256:21ddd4bc9df1785fb64a02d71c8ce5c5e415b8fe73f5a6efb7c98574b1f621c6",
      "sha256:0c518e212ac7bdfd8f93f96f7898b16a3686719998ed78420a7179a7723a2155",
      "sha256:e76d88c2cc3786d8fe8b025c230e8a2557a35d63759972f890555f11325be9e7",
      "sha256:d3904cb5710ef99c26659d66d00bd26111fc7a8cdd9a201ba8b3ad3c4bba2a16",
      "sha256:a0728aabc959ef1a19b778e45ec1ad03f1284fa3eed69b0a26177deaf5e7b120",
      "sha256:4a0d192a34e7ef3e7af039f64dc6426bd0a5a343aae4dd1107b2043a616a77f7",
      "sha256:f936dc8e0245d3c180643b3f8877c463e4960e26de98b100f805b30f70b6511e",
      "sha256:a985c0712e195bef958d94fb74e3f5132398caa46a1b727faeda9baad6ab8784",
      "sha256:09d44e6adddaab9fd89ea3164c439f71c755769fa8d3a940352ab3d2003b98ff",
      "sha256:32d7e73005a2dc0ccc3c62470c435b351f6501de8e8718e26960534754570a77",
      "sha256:68c7a3d0ea05a4a5b1b9bc815cfb2c13a5cdf0649ec80a314160cbbbe1633912",
      "sha256:eda03c0c76118094ae54dfcec024e34b53e523acb5c6889f091a4509471afc04",
      "sha256:03aa8f9a012c2a34748648b8556c4391ca985bce744c4a589001c222f978ba04",
      "sha256:25ab449193e91ab7360823417eaed0eaa3dd9d0eda66edbe62ccdea7c6882476",
      "sha256:5d8311fe6be6c5e2e0b8c680c86ffa70004226c7277adc171e5a08057eed096f",
      "sha256:a71c6396aa3152773c1db3444eb0667e22c440ee76552306a617cacd11277840",
      "sha256:c6dedaaae56dc63d224e1f3ac58e540fb61d2b98da4ad7e53fd98c24d728c7fb",
      "sha256:1afa0981f531071bd413086f6a351a4330ec5e0c59519b24af3d132bd522fb95",
      "sha256:68c331f624cea6c0827a31e96a6dce2e75461227c42da70f11ba765a8c6a8cec",
      "sha256:8f6582bbb7f2d61e75a97c244ebafd4ef4280bf3923afc27576c07104c47041a",
      "sha256:9844cc9b5440d65a88d28bcba9d771374d2dfdab898848cda164611091633013",
      "sha256:ea9571cb27d0c047ff1948ec9dc53dabc52ac4cf48a9c9e86b4a035b5c3bdae3",
      "sha256:c160fbd78f51a0c2375a794e435ce2112524a6871f64d0331895e9e26ee8b9ee",
      "sha256:5979d37a53b984c5be3794349eeb0178a3c1f9a60c4b461a6ac16f15ca079602",
      "sha256:e8daa7883b954a9d0fb03157876bcf7a0a493fa5deeb80f59417886cb284e852",
      "sha256:46b57c105fadbf781b2bd86d7ad8d1fc9040e78086a012126dda9a97e576a49b",
      "sha256:c109afd4d6c1abf1b28a9330330600663df5510faece89143289667b62421888",
      "sha256:c3334ff39cf0ab3b54925619101054c90098b7c733b1e7834c7b75e4c41e84a5",
      "sha256:734094762d19bdd32b0a68bf1e8a7ef77b5def34d5380830cd5b862468ec0bb6",
      "sha256:eb0ca9bdd938f80711152a758d6bc331a8b0d769199d457294dc67ed03f73498",
      "sha256:8a1f65fc07f7ab24ccbca1961cad6ae1087a5f3a6cb0ce8790078557648f67bf",
      "sha256:ee05f0489454237598e1005f18166da65fd63b6d4428cb8b63a54bcebad297b1",
      "sha256:a4fc2284657544e0f4bcc964f927c2fda3e3a205178ed1d5d58883aaf9780cce",
      "sha256:d138fbad128abc6177862d8558e10a05beae0a4918ffb2f0d52ce141cac8fbc3",
      "sha256:7a34575770eebc60a5476616e3676a6cb6f2975c78c415e2a6014ac724ba5783",
      "sha256:57e68a303740e7b09ee05ed1fd6da342a1c2dc7d3f14ae283d71cbd35673f7b6",
      "sha256:7dd1a08c97a7b453eb761a75006f56e6acfa841d3eb723792f0ee5710bff5829",
      "sha256:37014340a0400277b1202233f75619d53e84c0cf37d2d3561a993241a45cb412",
      "sha256:056aef1c2971c783d7553b1b33ba411467dd2a263476b76c1325038e7ed5d079",
      "sha256:fc35dc5886da434e11be07d923baa16741bc0d7ea0d81fb9989aa8ea96fd0143",
      "sha256:bc95c7e9c9577d1ba0feebf183fbad5572d959fdf701c720de61e2b194936f64",
      "sha256:d39e6c8fc27709b04d58ec4c1b625648776dbf01cdf7af2d51388ee215d5d4e8",
      "sha256:35e007551dc19dbcded8a0476e0cff20d34b42f4b71273772ac1b8382dd245c2",
      "sha256:8be6d63ac23ff19bb6e19f07e5e51984daf27eabcc36d0908ce647695198da4c",
      "sha256:c6aad8099d00b5fbd0e646b2f1e5ae29a93d4033889f37a0bd11fcd6021b45a1",
      "sha256:6d845b6cfd5dbb5c9f2ba40ba4a0a0451a00769b0041241e3cb4246289f0489e",
      "sha256:525c4154e4c355d64ff8bc7faa535030c343d4531beaf9e4b1ded9cd318e955e",
      "sha256:c13530f8eb3bba0a77a5343af0a6c72d0b384be5c9d036067e58c9f544816a3b",
      "sha256:5e108efd78790b644a631e72362657acf8c16bfda5b0ba23e8553e418d1fd92e",
      "sha256:dcde6033b205433d6e9855c93740f798951fa3a3f252035a768d9f356fde806d",
      "sha256:b273e3836701c980ecba8422447095d92a68950abc082a85e842ca7713401634",
      "sha256:9e98c36568af92dbb388dfec2b36b3f0d76cb1dc284a6bbe06e98b89204b96f4",
      "sha256:c6861456894b85d854321f58efb1eefec4440a3f3fa0ba79beeca91d20f77ed9",
      "sha256:a8ced4924d0e285ab287d94889e9920f855b9e13ef42e1c7468377b3c13bdb2b",
      "sha256:9446e5a89235ff77801f57c3259c8486017567f57d7f53177816f68d6100dcb7",
      "sha256:cda9dc88e401c946a0556bc1b2f48fee0325facecda1525489ff07f38593ffb3",
      "sha256:7f5560eaba976324edcca33c3937e5d7140bb722154dfa22b65009513395acd0",
      "sha256:131f0519a8e4602e47cf024bfd7e0834bcf5592a7207f9a2fdb711d4f5afc166",
      "sha256:0e9ba9404b86ab038d6523dc0c92d7c901494eed7124289ff9cfd6715e08c245",
      "sha256:af168f67ea58a05664a43104bca81bd57ee8c7a0f292ebe14cd310c469bbfd15",
      "sha256:023dc9b4a72ca0522b37eb9a5e34a3be12c7035fe120327e3bb1202733eef216",
      "sha256:68c8a4f4c7785f939d8fa2e7df56c76afa37dfd2574f738a07d3dfd80d6257a6",
      "sha256:b1d847e0b3ef0286dcf40b5793e7a7057af79740d83797f70d45b9906f1af102",
      "sha256:333bbefeff5eb1722dc9b8d2e26c38bc69c1efa07d0ca870480f29d8858aa336",
      "sha256:6b6f8693ad4fb4ce4de8de9a2bc9f8d5433f80b3e3bbdd227a1909c8c31ee938",
      "sha256:df7544a4791876d0c6bd19930f7cdae71ad72ee22e7c95d6addfaeb58479052f",
      "sha256:96eaa32232b5a5b0f9afc121a0e1b2416e3dca50657b31e5431c0a04ae650552",
      "sha256:ac1c37833aa8ec38a38f42111a9b2e196336b14c0891a3e76e284a61d1fb3dac",
      "sha256:958728cc1d2cc0036727b67ee937dca538a49daa6d355157b027bb1dcf8c20f8",
      "sha256:75bf73e393517b14fb0dd05c4729dc19f4907d5148d7399d1bd40431f7381976",
      "sha256:41afdf8c7dc099275b5f50e883be74fb397ede3e3ee766dcbadd350f799b1a0e",
      "sha256:48735b82e240bcadea62baa3a5ab601d091045579e1ecd1945866393394f4ce1",
      "sha256:b6652f5bbad569ea8fa2896016a49f60dc18a79b0d2c9fea136b23596be9ba01",
      "sha256:3aa616f5c56d2052fc5e3231f3e8cf1736f876caff0142a66096fc5b4dc87ae5",
      "sha256:6756b33668f0c63fd4a4b05ccbbd70e365f5e753b56cf07cc39d564e6e4fdced",
      "sha256:8e968943cce623f6af5402595bb8731ecf6c32c394f44d602f13396ad10e49c0",
      "sha256:05ae8f11b8f9012ebebbf179227b010829739c6284e30da5dd3db220ee682f8a",
      "sha256:634966e3908a1ef712905701ca4301e0f7c4062d132f899eb847ea5b25e61b58",
      "sha256:4a7c757d4d87dd37382bd777ad611b5875748aef148277cf25bb39eebb496d07",
      "sha256:f43d55162770e644609f4054801321ff6b83773963293a8f6e11912e6f05b514",
      "sha256:cdd5ac5cc5112b71a022ba3cc3b278323dd0f3bdafa2921b37720e9723b0e7dd",
      "sha256:ab5dd5d4abf9fd977d5df089ee1c7ba45f4817d8c792811f8f73d6428be56925"
    ],
    "removedSignatures": [],
    "workTime": 2.08969E7,
    "language": "en_US",
    "locale": "en_GB",
    "timezone": "Europe/London",
    "branding": [
      "Minecraft 1.7.10",
      "MCP v9.05",
      "FML v7.10.99.99",
      "Minecraft Forge 10.13.4.1614",
      "191 mods loaded, 191 mods active"
    ],
    "runtime": {
      "mcp": "MCP v9.05",
      "fml": "7.10.99.99",
      "forge": "10.13.4.1614"
    },
    "minecraft": "Minecraft 1.7.10",
    "javaVersion": "Oracle Corporation 1.8.0_25",
    "side": "client",
    "obfuscated": true,
    "type": "analytics"
  }
]