{"stat.useItem.351":70,"stat.useItem.153":1,"stat.useItem.21":1,"stat.walkOneCm":40111,"stat.jump":65,"stat.swimOneCm":2050,"stat.useItem.73":2,"stat.useItem.129":1,"achievement.exploreAllBiomes":{"value":0,"progress":["Plains"]},"stat.useItem.175":3,"stat.useItem.379":1,"achievement.openInventory":200,"stat.mineBlock.4":44,"stat.mineBlock.1":45,"stat.useItem.8":47,"stat.flyOneCm":102167,"stat.useItem.6":22,"stat.useItem.12":10,"stat.useItem.56":2,"stat.drop":1,"stat.playOneMinute":1895704,"stat.useItem.1":51,"stat.useItem.4":44,"stat.useItem.3":217,"stat.useItem.17":41,"stat.useItem.18":148,"stat.useItem.14":1,"stat.useItem.15":1,"stat.useItem.16":1}