{"stat.useItem.153":1,"stat.useItem.21":1,"stat.walkOneCm":90410,"stat.useItem.355":1,"stat.useItem.121":1,"stat.jump":180,"stat.useItem.73":1,"stat.fallOneCm":1164,"stat.useItem.129":1,"achievement.exploreAllBiomes":{"value":0,"progress":["Plains"]},"achievement.hee.3548":1,"stat.useItem.87":1,"achievement.openInventory":284,"stat.mineBlock.4":112,"stat.damageTaken":1000,"stat.mineBlock.1":1,"stat.flyOneCm":47767,"stat.useItem.56":1,"achievement.botania:aesirRing":1,"stat.drop":58,"stat.playOneMinute":1266315,"stat.useItem.1":2,"stat.useItem.4":125,"stat.useItem.3":1,"stat.useItem.14":1,"stat.mineBlock.31":2,"stat.useItem.15":1,"stat.useItem.16":1}